{
    "serial_rx": 13,
    "serial_tx": 13,
    "radio_busy": 22,
    "radio_dio1": 21,
    "radio_miso": 19,
    "radio_mosi": 23,
    "radio_nss": 4,
    "radio_rst": 5,
    "radio_sck": 18,
    "radio_dcdc": true,
    "power_rxen": 32,
    "power_txen": 33,
    "power_min": 1,
    "power_high": 6,
    "power_max": 6,
    "power_default": 2,
    "power_control": 0,
    "power_values": [-17,-15,-12,-7,-4,2],
    "led_rgb": 15,
    "led_rgb_isgrb": true,
    "use_backpack": true,
    "debug_backpack_baud": 460800,
    "debug_backpack_rx": 16,
    "debug_backpack_tx": 17,
    "backpack_boot": 26,
    "backpack_en": 25,
    "passthrough_baud": 230400,
    "misc_fan_en": 27
}