{
  "anyleaf": {
    "name": "AnyLeaf",
    "rx_2400": {
      "single-radio": {
        "product_name": "Anyleaf 2.4GHz single radio RX",
        "lua_name": "AL single RX",
        "layout_file": "Generic 2400 Diversity PA.json",
        "overlay": {
          "radio_dcdc": true
        },
        "upload_methods": [
          "uart",
          "wifi",
          "betaflight"
        ],
        "min_version": "3.3.0",
        "platform": "esp8285",
        "firmware": "Unified_ESP8285_2400_RX",
        "prior_target_name": "MATEK_2400_RX_R24D"
      },
      "dual-radio": {
        "product_name": "Anyleaf 2.4GHz dual radio RX",
        "lua_name": "AL dual RX",
        "layout_file": "Generic 2400 True Diversity PA.json",
        "overlay": {
          "radio_dcdc": true
        },
        "upload_methods": [
          "uart",
          "wifi",
          "betaflight"
        ],
        "min_version": "3.3.0",
        "platform": "esp32",
        "firmware": "Unified_ESP32_2400_RX"
      },
      "h7-fc": {
        "product_name": "Anyleaf FC integrated RX",
        "lua_name": "AL FC RX",
        "layout_file": "Generic 2400.json",
        "upload_methods": [
          "uart",
          "wifi",
          "betaflight"
        ],
        "min_version": "3.3.0",
        "platform": "esp8285",
        "firmware": "Unified_ESP8285_2400_RX",
        "prior_target_name": "DIY_2400_RX_ESP8285_SX1280"
      }
    }
  },
  "axis": {
    "name": "Axisflying",
    "tx_2400": {
      "thor": {
        "product_name": "AXIS Thor 2.4GHz TX",
        "lua_name": "AXIS THOR 2400TX",
        "layout_file": "AXIS Thor 2400.json",
        "logo_file": "axis_tft.bin",
        "upload_methods": [
          "uart",
          "wifi"
        ],
        "min_version": "3.0.0",
        "platform": "esp32",
        "firmware": "Unified_ESP32_2400_TX",
        "prior_target_name": "AXIS_THOR_2400_TX"
      }
    },
    "rx_2400": {
      "thor": {
        "product_name": "AXIS Thor 2.4GHz RX",
        "lua_name": "AXIS THOR 2400RX",
        "layout_file": "Generic 2400.json",
        "upload_methods": [
          "uart",
          "wifi",
          "betaflight"
        ],
        "min_version": "3.0.0",
        "platform": "esp8285",
        "firmware": "Unified_ESP8285_2400_RX",
        "prior_target_name": "AXIS_THOR_2400_RX"
      }
    }
  },
  "bayckrc": {
    "name": "BAYCKRC",
    "rx_900": {
      "nano": {
        "product_name": "BAYCKRC 900MHz Nano RX",
        "lua_name": "BK 900 Nano RX",
        "layout_file": "Generic 900.json",
        "upload_methods": [
          "uart",
          "wifi",
          "betaflight"
        ],
        "min_version": "3.3.1",
        "platform": "esp8285",
        "firmware": "Unified_ESP8285_900_RX"
      },
      "dual-core": {
        "product_name": "BAYCKRC 900MHz Dual Core RX",
        "lua_name": "BK 900 Dual RX",
        "layout_file": "Generic 900 True Diversity.json",
        "upload_methods": [
          "uart",
          "wifi",
          "betaflight"
        ],
        "min_version": "3.3.1",
        "platform": "esp32",
        "firmware": "Unified_ESP32_900_RX"
      }
    },
    "rx_2400": {
      "nano": {
        "product_name": "BAYCKRC 2.4GHz Nano RX",
        "lua_name": "BK 2G4 Nano RX",
        "layout_file": "Generic 2400 PA.json",
        "upload_methods": [
          "uart",
          "wifi",
          "betaflight"
        ],
        "min_version": "3.3.1",
        "platform": "esp8285",
        "firmware": "Unified_ESP8285_2400_RX"
      },
      "dual-core": {
        "product_name": "BAYCKRC 2.4GHz Dual Core RX",
        "lua_name": "BK 2G4 Dual RX",
        "layout_file": "Generic 2400 True Diversity PA.json",
        "overlay": {
          "radio_dcdc": true
        },
        "upload_methods": [
          "uart",
          "wifi",
          "betaflight"
        ],
        "min_version": "3.3.1",
        "platform": "esp32",
        "firmware": "Unified_ESP32_2400_RX"
      }
    },
    "rx_dual": {
      "dual": {
        "product_name": "BAYCKRC 900/2400 Dual Band Gemini RX",
        "lua_name": "BK 900/2400 GRx",
        "layout_file": "Generic LR1121 True Diversity.json",
        "upload_methods": [
          "uart",
          "wifi",
          "betaflight"
        ],
        "min_version": "3.4.0",
        "platform": "esp32",
        "firmware": "Unified_ESP32_LR1121_RX"
      }
    }
  },
  "betafpv": {
    "name": "BETAFPV",
    "tx_900": {
      "nano900": {
        "product_name": "BETAFPV 900MHz Nano TX",
        "lua_name": "BETAFPV 900Nano",
        "layout_file": "BETAFPV 900 Nano.json",
        "upload_methods": [
          "uart",
          "wifi"
        ],
        "min_version": "3.0.0",
        "platform": "esp32",
        "firmware": "Unified_ESP32_900_TX",
        "prior_target_name": "BETAFPV_900_TX"
      },
      "nanov2": {
        "product_name": "BETAFPV 900MHz Nano TX V2",
        "lua_name": "BETAFPV 900Nano",
        "layout_file": "BETAFPV 900 Nano V2.json",
        "upload_methods": [
          "uart",
          "wifi"
        ],
        "min_version": "3.3.0",
        "platform": "esp32",
        "firmware": "Unified_ESP32_900_TX",
        "prior_target_name": "BETAFPV_900_TX"
      },
      "micro900": {
        "product_name": "BETAFPV 900MHz Micro TX",
        "lua_name": "BETAFPV 900Micro",
        "layout_file": "BETAFPV 900 Micro.json",
        "logo_file": "betafpv.bin",
        "features": [
          "fan"
        ],
        "upload_methods": [
          "uart",
          "wifi"
        ],
        "min_version": "3.0.0",
        "platform": "esp32",
        "firmware": "Unified_ESP32_900_TX",
        "prior_target_name": "BETAFPV_900_TX_MICRO"
      }
    },
    "rx_900": {
      "plain": {
        "product_name": "BETAFPV 900MHz RX",
        "lua_name": "BETAFPV 900RX",
        "layout_file": "Generic 900.json",
        "upload_methods": [
          "uart",
          "wifi",
          "betaflight"
        ],
        "min_version": "3.0.0",
        "platform": "esp8285",
        "firmware": "Unified_ESP8285_900_RX",
        "prior_target_name": "BETAFPV_900_RX"
      },
      "superd": {
        "product_name": "BETAFPV SuperD 900MHz RX",
        "lua_name": "BFPV SuperD 900",
        "layout_file": "Generic 900 True Diversity.json",
        "upload_methods": [
          "uart",
          "wifi",
          "betaflight"
        ],
        "min_version": "3.3.0",
        "platform": "esp32",
        "firmware": "Unified_ESP32_900_RX"
      },
      "superp": {
        "product_name": "BETAFPV SuperP 14Ch 900MHz RX",
        "lua_name": "BFPV 14CH P900",
        "layout_file": "Generic 900 True Diversity PWM 16.json",
        "overlay": {
          "pwm_outputs": [
            13,
            15,
            2,
            0,
            4,
            9,
            10,
            5,
            18,
            23,
            19,
            22,
            3,
            1
          ],
          "vbat_offset": 18,
          "vbat_scale": 1284,
          "vbat_atten": 7,
          "i2c_scl": 19,
          "i2c_sda": 22
        },
        "upload_methods": [
          "uart",
          "wifi",
          "betaflight"
        ],
        "min_version": "3.3.0",
        "platform": "esp32",
        "firmware": "Unified_ESP32_900_RX"
      }
    },
    "tx_2400": {
      "nano2g4": {
        "product_name": "BETAFPV 2.4GHz Nano TX",
        "lua_name": "BETAFPV 2G4Nano",
        "layout_file": "BETAFPV 2400 Nano.json",
        "upload_methods": [
          "uart",
          "wifi"
        ],
        "min_version": "3.0.0",
        "platform": "esp32",
        "firmware": "Unified_ESP32_2400_TX",
        "prior_target_name": "BETAFPV_2400_TX"
      },
      "nanov2": {
        "product_name": "BETAFPV 2.4GHz Nano TX V2",
        "lua_name": "BETAFPV 2G4Nano",
        "layout_file": "BETAFPV 2400 Nano V2.json",
        "upload_methods": [
          "uart",
          "wifi"
        ],
        "min_version": "3.3.0",
        "platform": "esp32",
        "firmware": "Unified_ESP32_2400_TX",
        "prior_target_name": "BETAFPV_2400_TX"
      },
      "micro2g4": {
        "product_name": "BETAFPV 2.4GHz Micro TX",
        "lua_name": "BETAFPV2G4Micro",
        "layout_file": "BETAFPV 2400 Micro.json",
        "logo_file": "betafpv.bin",
        "features": [
          "fan"
        ],
        "upload_methods": [
          "uart",
          "wifi"
        ],
        "min_version": "3.0.0",
        "platform": "esp32",
        "firmware": "Unified_ESP32_2400_TX",
        "prior_target_name": "BETAFPV_2400_TX_MICRO"
      },
      "micro1w": {
        "product_name": "BETAFPV 2.4GHz 1W Micro TX",
        "lua_name": "BFPV 2G4Micro1W",
        "layout_file": "BETAFPV 2400 Micro 1W.json",
        "logo_file": "betafpv.bin",
        "features": [
          "fan"
        ],
        "upload_methods": [
          "uart",
          "wifi"
        ],
        "min_version": "3.0.0",
        "platform": "esp32",
        "firmware": "Unified_ESP32_2400_TX",
        "prior_target_name": "BETAFPV_2400_TX_MICRO_1000mw"
      },
      "literadio3": {
        "product_name": "BETAFPV 2.4GHz LiteRadio 3 Pro",
        "lua_name": "BETAFPV LR3 Pro",
        "layout_file": "BETAFPV 2400 LiteRadio 3.json",
        "upload_methods": [
          "uart",
          "wifi",
          "etx"
        ],
        "min_version": "3.0.0",
        "platform": "esp32",
        "firmware": "Unified_ESP32_2400_TX",
        "prior_target_name": "BETAFPV_2400_TX_LITERADIO3"
      },
      "superg": {
        "product_name": "BETAFPV SuperG 2.4GHz Gemini TX",
        "lua_name": "BFPV SuperG 2G4",
        "layout_file": "Generic 2400 Gemini.json",
        "overlay": {
          "radio_rst_2": -1,
          "serial_rx": 21,
          "serial_tx": 21,
          "power_min": 1,
          "power_high": 6,
          "power_max": 6,
          "power_values": [
            -18,
            -15,
            -12,
            -7,
            -4,
            2
          ],
          "misc_fan_en": 12,
          "button": 2,
          "button2": 4,
          "passthrough_baud": 230400
        },
        "upload_methods": [
          "uart",
          "wifi"
        ],
        "min_version": "3.3.0",
        "platform": "esp32",
        "firmware": "Unified_ESP32_2400_TX"
      }
    },
    "rx_2400": {
      "aio": {
        "product_name": "BETAFPV 2.4GHz AIO RX",
        "lua_name": "BFPV AIO 2G4RX",
        "layout_file": "Generic 2400.json",
        "upload_methods": [
          "uart",
          "wifi",
          "betaflight"
        ],
        "min_version": "3.1.0",
        "platform": "esp8285",
        "firmware": "Unified_ESP8285_2400_RX",
        "prior_target_name": "DIY_2400_RX_ESP8285_SX1280"
      },
      "lite": {
        "product_name": "BETAFPV 2.4GHz Lite RX",
        "lua_name": "BFPV Lite 2G4RX",
        "layout_file": "Generic 2400.json",
        "upload_methods": [
          "uart",
          "wifi",
          "betaflight"
        ],
        "min_version": "3.0.0",
        "platform": "esp8285",
        "firmware": "Unified_ESP8285_2400_RX",
        "prior_target_name": "DIY_2400_RX_ESP8285_SX1280"
      },
      "nano": {
        "product_name": "BETAFPV 2.4GHz Nano RX",
        "lua_name": "BFPV Nano 2G4RX",
        "layout_file": "Generic 2400 PA.json",
        "overlay": {
          "radio_dcdc": true
        },
        "upload_methods": [
          "uart",
          "wifi",
          "betaflight"
        ],
        "min_version": "3.0.0",
        "platform": "esp8285",
        "firmware": "Unified_ESP8285_2400_RX",
        "prior_target_name": "BETAFPV_Nano_2400_RX"
      },
      "pwmp": {
        "product_name": "BETAFPV PWM 2.4GHz RX",
        "lua_name": "BFPV PWM 2G4RX",
        "layout_file": "Generic 2400 PWMP5.json",
        "upload_methods": [
          "uart",
          "wifi",
          "betaflight"
        ],
        "min_version": "3.0.0",
        "platform": "esp8285",
        "firmware": "Unified_ESP8285_2400_RX",
        "prior_target_name": "DIY_2400_RX_PWMP"
      },
      "superd": {
        "product_name": "BETAFPV SuperD 2.4GHz RX",
        "lua_name": "BFPV SuperD 2G4",
        "layout_file": "Generic 2400 True Diversity PA.json",
        "overlay": {
          "radio_dcdc": true
        },
        "upload_methods": [
          "uart",
          "wifi",
          "betaflight"
        ],
        "min_version": "3.1.0",
        "platform": "esp32",
        "firmware": "Unified_ESP32_2400_RX",
        "prior_target_name": "BETAFPV_SuperD_2400_RX"
      },
      "superp": {
        "product_name": "BETAFPV SuperP 14Ch 2.4GHz RX",
        "lua_name": "BFPV 14CH P2G4",
        "layout_file": "Generic 2400 True Diversity PA PWM 14.json",
        "overlay": {
          "radio_dcdc": true,
          "vbat_offset": 18,
          "vbat_scale": 1284,
          "vbat_atten": 7,
          "i2c_scl": 19,
          "i2c_sda": 22
        },
        "upload_methods": [
          "uart",
          "wifi",
          "betaflight"
        ],
        "min_version": "3.3.0",
        "platform": "esp32",
        "firmware": "Unified_ESP32_2400_RX"
      }
    }
  },
  "diy": {
    "name": "DIY devices",
    "tx_900": {
      "ttgov1": {
        "product_name": "DIY TTGO V1 900MHz TX",
        "lua_name": "DIY900 TTGO V1",
        "layout_file": "DIY 900 TTGO V1.json",
        "logo_file": "elrs64.bin",
        "upload_methods": [
          "uart",
          "wifi"
        ],
        "min_version": "3.0.0",
        "platform": "esp32",
        "firmware": "Unified_ESP32_900_TX",
        "prior_target_name": "DIY_900_TX_TTGO_V1_SX127x"
      },
      "ttgov2": {
        "product_name": "DIY TTGO V2 900MHz TX",
        "lua_name": "DIY900 TTGO V2",
        "layout_file": "DIY 900 TTGO V2.json",
        "logo_file": "elrs64.bin",
        "upload_methods": [
          "uart",
          "wifi"
        ],
        "min_version": "3.0.0",
        "platform": "esp32",
        "firmware": "Unified_ESP32_900_TX",
        "prior_target_name": "DIY_900_TX_TTGO_V2_SX127x"
      },
      "e19": {
        "product_name": "DIY ESP32 E19 900MHz TX",
        "lua_name": "DIY900 E19",
        "layout_file": "DIY 900 E19.json",
        "upload_methods": [
          "uart",
          "wifi"
        ],
        "min_version": "3.0.0",
        "platform": "esp32",
        "firmware": "Unified_ESP32_900_TX",
        "prior_target_name": "DIY_900_TX_ESP32_SX127x_E19"
      },
      "rfm95": {
        "product_name": "DIY ESP32 RFM95 900MHz TX",
        "lua_name": "DIY900 RFM95",
        "layout_file": "DIY 900 RFM95.json",
        "upload_methods": [
          "uart",
          "wifi"
        ],
        "min_version": "3.0.0",
        "platform": "esp32",
        "firmware": "Unified_ESP32_900_TX",
        "prior_target_name": "DIY_900_TX_ESP32_SX127x_RFM95"
      },
      "stm32-sx1272": {
        "product_name": "DIY STM32 SX1272 TX",
        "upload_methods": [
          "stlink"
        ],
        "min_version": "3.3.0",
        "platform": "stm32",
        "firmware": "DIY_900_TX_STM32_SX1272",
        "stlink": {
          "cpus": [
            "STM32F103C8T6",
            "STM32F103CBT6"
          ],
          "offset": "0x4000",
          "bootloader": "sx1272_pcb_bootloader.bin"
        }
      },
      "dupletxesp": {
        "product_name": "Generic ESP8285 Full-duplex 900MHz RX as TX",
        "lua_name": "DupleTX RX",
        "layout_file": "DIY 900 DupleTX RX.json",
        "upload_methods": [
          "uart",
          "wifi"
        ],
        "min_version": "3.4.0",
        "platform": "esp8285",
        "firmware": "Unified_ESP8285_900_TX"
      }
    },
    "rx_900": {
      "ttgov1": {
        "product_name": "DIY TTGO V1 900MHz RX",
        "lua_name": "DIY900 TTGO V1RX",
        "layout_file": "DIY 900 TTGO V1.json",
        "upload_methods": [
          "uart",
          "wifi"
        ],
        "min_version": "3.3.0",
        "platform": "esp32",
        "firmware": "Unified_ESP32_900_RX",
        "prior_target_name": "DIY_900_RX_TTGO_V1_SX127x"
      },
      "ttgov2": {
        "product_name": "DIY TTGO V2 900MHz RX",
        "lua_name": "DIY900 TTGO V2RX",
        "layout_file": "DIY 900 TTGO V2.json",
        "upload_methods": [
          "uart",
          "wifi"
        ],
        "min_version": "3.3.0",
        "platform": "esp32",
        "firmware": "Unified_ESP32_900_RX",
        "prior_target_name": "DIY_900_RX_TTGO_V2_SX127x"
      },
      "huzzah": {
        "product_name": "DIY Huzzah RFM95 900MHz TX",
        "lua_name": "ELRS RFM95 900RX",
        "layout_file": "DIY Huzzah RFM95.json",
        "upload_methods": [
          "uart",
          "wifi",
          "betaflight"
        ],
        "min_version": "3.0.0",
        "platform": "esp8285",
        "firmware": "Unified_ESP8285_900_RX",
        "prior_target_name": "DIY_900_RX_HUZZAH_RFM95W"
      },
      "stm32-sx1272": {
        "product_name": "DIY STM32 SX1272 RX",
        "upload_methods": [
          "stlink"
        ],
        "min_version": "3.3.0",
        "platform": "stm32",
        "firmware": "DIY_900_RX_STM32_SX1272",
        "stlink": {
          "cpus": [
            "STM32F103C8T6",
            "STM32F103CBT6"
          ],
          "offset": "0x4000",
          "bootloader": "sx1272_pcb_bootloader.bin"
        }
      }
    },
    "tx_2400": {
      "mini": {
        "product_name": "DIY Mini ESP32 SX1280 2.4GHz TX",
        "lua_name": "DIY2400 Mini",
        "layout_file": "DIY 2400 Mini.json",
        "upload_methods": [
          "uart",
          "wifi"
        ],
        "min_version": "3.0.0",
        "platform": "esp32",
        "firmware": "Unified_ESP32_2400_TX",
        "prior_target_name": "DIY_2400_TX_ESP32_SX1280_Mini"
      },
      "e28": {
        "product_name": "DIY ESP32 E28 2.4GHz TX",
        "lua_name": "DIY2400 E28",
        "layout_file": "DIY 2400 E28.json",
        "features": [
          "fan"
        ],
        "upload_methods": [
          "uart",
          "wifi"
        ],
        "min_version": "3.0.0",
        "platform": "esp32",
        "firmware": "Unified_ESP32_2400_TX",
        "prior_target_name": "DIY_2400_TX_ESP32_SX1280_E28"
      },
      "f27": {
        "product_name": "DIY ESP32 F27 2.4GHz TX",
        "lua_name": "DIY2400 F27",
        "layout_file": "DIY 2400 F27.json",
        "features": [
          "fan"
        ],
        "upload_methods": [
          "uart",
          "wifi"
        ],
        "min_version": "3.0.0",
        "platform": "esp32",
        "firmware": "Unified_ESP32_2400_TX",
        "prior_target_name": "DIY_2400_TX_ESP32_SX1280_LORA1280F27"
      },
      "ble": {
        "product_name": "DIY ESP32 BLE Joystick TX",
        "lua_name": "DIY BLE Joystick",
        "layout_file": "DIY 2400 BLE Joystick.json",
        "upload_methods": [
          "uart",
          "wifi"
        ],
        "min_version": "3.0.0",
        "platform": "esp32",
        "firmware": "Unified_ESP32_2400_TX",
        "prior_target_name": "DIY_BLE_JOYSTICK"
      },
      "true_diversity_pwm16_s3": {
        "product_name": "DIY ESP32-S3 DevKit Gemini 2.4Ghz TX ",
        "lua_name": "Gemini S3 2G4",
        "layout_file": "DIY S3 DEVKIT 2400 Gemini.json",
        "upload_methods": [
          "uart",
          "wifi",
          "etx"
        ],
        "min_version": "3.4.0",
        "platform": "esp32-s3",
        "firmware": "Unified_ESP32S3_2400_TX"
      },
      "dupletxesp": {
        "product_name": "Generic ESP8285 Full-duplex 2.4GHz RX as TX",
        "lua_name": "DupleTX RX",
        "layout_file": "DIY 2400 DupleTX ESP.json",
        "upload_methods": [
          "uart",
          "wifi"
        ],
        "min_version": "3.0.0",
        "platform": "esp8285",
        "firmware": "Unified_ESP8285_2400_TX",
        "prior_target_name": "DIY_2400_TX_DUPLETX_ESP"
      }
    },
    "rx_2400": {
      "true_diversity_pwm16_s3": {
        "product_name": "DIY ESP32-S3 DevKit True Diversity 16xPWM 2.4Ghz RX ",
        "lua_name": "16PWM TD 2.4RX",
        "layout_file": "DIY S3 DEVKIT 2400 True Diversity PWM 16.json",
        "upload_methods": [
          "uart",
          "wifi",
          "betaflight"
        ],
        "min_version": "3.4.0",
        "platform": "esp32-s3",
        "firmware": "Unified_ESP32S3_2400_RX"
      },
      "true_diversity_vtx_pwm11_s3": {
        "product_name": "DIY ESP32-S3 DevKit True Diversity, VTX, 11xPWM 2.4Ghz RX ",
        "lua_name": "VTX PWM TD 2.4RX",
        "layout_file": "DIY S3 DEVKIT 2400 True Diversity VTX PWM 11.json",
        "upload_methods": [
          "uart",
          "wifi",
          "betaflight"
        ],
        "min_version": "3.4.0",
        "platform": "esp32-s3",
        "firmware": "Unified_ESP32S3_2400_RX"
      }
    }
  },
  "emax": {
    "name": "EMAX",
    "tx_900": {
      "plain": {
        "product_name": "EMAX OLED 900MHz TX",
        "lua_name": "EMAX 900TX",
        "layout_file": "EMAX 900 OLED.json",
        "logo_file": "emax.bin",
        "features": [
          "fan"
        ],
        "upload_methods": [
          "uart",
          "wifi"
        ],
        "min_version": "3.0.0",
        "platform": "esp32",
        "firmware": "Unified_ESP32_900_TX",
        "prior_target_name": "EMAX_900_TX"
      },
      "nano": {
        "product_name": "EMAX Nano 900MHz TX",
        "lua_name": "EMAX NANO 900TX",
        "layout_file": "EMAX 900 Nano.json",
        "features": [
          "fan"
        ],
        "upload_methods": [
          "uart",
          "wifi"
        ],
        "min_version": "3.0.0",
        "platform": "esp32",
        "firmware": "Unified_ESP32_900_TX",
        "prior_target_name": "EMAX_NANO_900_TX"
      }
    },
    "rx_900": {
      "plain": {
        "product_name": "EMAX 900MHz RX",
        "lua_name": "EMAX 900RX",
        "layout_file": "Generic 900.json",
        "upload_methods": [
          "uart",
          "wifi",
          "betaflight"
        ],
        "min_version": "3.0.0",
        "platform": "esp8285",
        "firmware": "Unified_ESP8285_900_RX",
        "prior_target_name": "DIY_900_RX_ESP8285_SX127x"
      }
    },
    "tx_2400": {
      "plain": {
        "product_name": "EMAX OLED 2.4GHz TX",
        "lua_name": "EMAX 2400TX",
        "layout_file": "EMAX 2400 OLED.json",
        "logo_file": "emax.bin",
        "features": [
          "fan"
        ],
        "upload_methods": [
          "uart",
          "wifi"
        ],
        "min_version": "3.0.0",
        "platform": "esp32",
        "firmware": "Unified_ESP32_2400_TX",
        "prior_target_name": "EMAX_2400_TX"
      },
      "nano": {
        "product_name": "EMAX Nano 2.4GHz TX",
        "lua_name": "EMAX NANO 2G4TX",
        "layout_file": "EMAX 2400 Nano.json",
        "features": [
          "fan"
        ],
        "upload_methods": [
          "uart",
          "wifi"
        ],
        "min_version": "3.0.0",
        "platform": "esp32",
        "firmware": "Unified_ESP32_2400_TX",
        "prior_target_name": "EMAX_NANO_2400_TX"
      }
    },
    "rx_2400": {
      "plain": {
        "product_name": "EMAX 2.4GHz RX",
        "lua_name": "EMAX 2400RX",
        "layout_file": "Generic 2400.json",
        "overlay": {
          "radio_dcdc": true
        },
        "upload_methods": [
          "uart",
          "wifi",
          "betaflight"
        ],
        "min_version": "3.1.0",
        "platform": "esp8285",
        "firmware": "Unified_ESP8285_2400_RX",
        "prior_target_name": "DIY_2400_RX_ESP8285_SX1280"
      },
      "pa": {
        "product_name": "EMAX 2.4GHz PA RX",
        "lua_name": "EMAX 2400RX",
        "layout_file": "Generic 2400 PA.json",
        "overlay": {
          "radio_dcdc": true
        },
        "upload_methods": [
          "uart",
          "wifi",
          "betaflight"
        ],
        "min_version": "3.1.0",
        "platform": "esp8285",
        "firmware": "Unified_ESP8285_2400_RX",
        "prior_target_name": "BETAFPV_Nano_2400_RX"
      }
    }
  },
  "flywoo": {
    "name": "Flywoo",
    "rx_2400": {
      "el24e": {
        "product_name": "Flywoo EL24E 2.4GHz RX",
        "lua_name": "Flywoo EL24E",
        "layout_file": "Generic 2400.json",
        "upload_methods": [
          "uart",
          "wifi",
          "betaflight"
        ],
        "min_version": "3.0.0",
        "platform": "esp8285",
        "firmware": "Unified_ESP8285_2400_RX",
        "prior_target_name": "DIY_2400_RX_ESP8285_SX1280"
      },
      "el24p": {
        "product_name": "Flywoo EL24P 2.4GHz RX",
        "lua_name": "Flywoo EL24P",
        "layout_file": "Generic 2400.json",
        "upload_methods": [
          "uart",
          "wifi",
          "betaflight"
        ],
        "min_version": "3.0.0",
        "platform": "esp8285",
        "firmware": "Unified_ESP8285_2400_RX",
        "prior_target_name": "DIY_2400_RX_ESP8285_SX1280"
      }
    }
  },
  "foxeer": {
    "name": "Foxeer",
    "rx_2400": {
      "pa-rgb": {
        "product_name": "Foxeer 2.4Ghz RX",
        "lua_name": "Foxeer 2400 RX",
        "layout_file": "Generic 2400 PA RGB.json",
        "overlay": {
          "radio_dcdc": true
        },
        "upload_methods": [
          "uart",
          "wifi",
          "betaflight"
        ],
        "min_version": "3.0.0",
        "platform": "esp8285",
        "firmware": "Unified_ESP8285_2400_RX",
        "prior_target_name": "Foxeer_2400_RX"
      },
      "lite": {
        "product_name": "Foxeer Lite 2.4GHz RX",
        "lua_name": "Foxeer Lite 2G4",
        "layout_file": "Generic 2400.json",
        "upload_methods": [
          "uart",
          "wifi",
          "betaflight"
        ],
        "min_version": "3.1.0",
        "platform": "esp8285",
        "firmware": "Unified_ESP8285_2400_RX",
        "prior_target_name": "DIY_2400_RX_ESP8285_SX1280"
      }
    },
    "rx_900": {
      "plain": {
        "product_name": "Foxeer 900MHz RX",
        "lua_name": "Foxeer 900 RX",
        "layout_file": "Generic 900.json",
        "upload_methods": [
          "uart",
          "wifi",
          "betaflight"
        ],
        "min_version": "3.3.0",
        "platform": "esp8285",
        "firmware": "Unified_ESP8285_900_RX",
        "prior_target_name": "BETAFPV_900_RX"
      }
    }
  },
  "frsky": {
    "name": "Frsky",
    "tx_900": {
      "r9m": {
        "product_name": "FrSky R9M 900MHz TX",
        "upload_methods": [
          "stlink",
          "stock",
          "wifi"
        ],
        "min_version": "3.0.0",
        "platform": "stm32",
        "firmware": "Frsky_TX_R9M",
        "features": [
          "buzzer",
          "unlock-higher-power",
          "fan"
        ],
        "stlink": {
          "cpus": [
            "STM32F103C8T6",
            "STM32F103CBT6"
          ],
          "offset": "0x4000",
          "bootloader": "r9m_bootloader.bin"
        }
      },
      "r9m-lite": {
        "product_name": "FrSky R9M Lite 900MHz TX",
        "upload_methods": [
          "stlink",
          "stock"
        ],
        "min_version": "3.0.0",
        "platform": "stm32",
        "firmware": "Frsky_TX_R9M_LITE",
        "stlink": {
          "cpus": [
            "STM32F103C8T6"
          ],
          "offset": "0x4000",
          "bootloader": "r9m_bootloader.bin"
        }
      },
      "r9m-lite-pro": {
        "product_name": "FrSky R9M Lite Pro 900MHz TX",
        "upload_methods": [
          "stlink",
          "stock"
        ],
        "min_version": "3.0.0",
        "platform": "stm32",
        "firmware": "Frsky_TX_R9M_LITE_PRO",
        "features": [
          "unlock-higher-power"
        ],
        "stlink": {
          "cpus": [
            "STM32F303CCT6"
          ],
          "offset": "0x8000",
          "bootloader": "r9m_lite_pro_bootloader.bin"
        }
      }
    },
    "rx_900": {
      "r9mm": {
        "product_name": "FrSky R9MM/Mini 900MHz RX",
        "upload_methods": [
          "stlink",
          "betaflight"
        ],
        "min_version": "3.0.0",
        "platform": "stm32",
        "firmware": "Frsky_RX_R9MM_R9MINI",
        "features": [
          "sbus-uart"
        ],
        "stlink": {
          "cpus": [
            "STM32F103CBT6"
          ],
          "offset": "0x8000",
          "bootloader": "r9mm_bootloader.bin"
        }
      },
      "r9slim": {
        "product_name": "FrSky R9 Slim 900MHz RX",
        "upload_methods": [
          "stlink",
          "betaflight"
        ],
        "min_version": "3.0.0",
        "platform": "stm32",
        "firmware": "Frsky_RX_R9SLIM",
        "stlink": {
          "cpus": [
            "STM32F103CBT6"
          ],
          "offset": "0x8000",
          "bootloader": "r9slim_no_btn_bootloader.bin"
        }
      },
      "r9slim-plus": {
        "product_name": "FrSky R9 Slim Plus 900MHz RX",
        "upload_methods": [
          "stlink",
          "betaflight"
        ],
        "min_version": "3.0.0",
        "platform": "stm32",
        "firmware": "Frsky_RX_R9SLIMPLUS",
        "stlink": {
          "cpus": [
            "STM32F103CBT6"
          ],
          "offset": "0x8000",
          "bootloader": "r9slim_plus_bootloader.bin"
        }
      },
      "r9slim-plus-ota": {
        "product_name": "FrSky R9 Slim Plus OTA 900MHz RX",
        "upload_methods": [
          "stlink",
          "betaflight"
        ],
        "min_version": "3.0.0",
        "platform": "stm32",
        "firmware": "Frsky_RX_R9SLIMPLUS_OTA",
        "stlink": {
          "cpus": [
            "STM32F303CCT6"
          ],
          "offset": "0x8000",
          "bootloader": "r9slim_plus_ota_bootloader.bin"
        }
      },
      "r9mx": {
        "product_name": "FrSky R9MX 900MHz RX",
        "upload_methods": [
          "stlink",
          "betaflight"
        ],
        "min_version": "3.0.0",
        "platform": "stm32",
        "firmware": "Frsky_RX_R9MX",
        "stlink": {
          "cpus": [
            "STM32F103CBT6"
          ],
          "offset": "0x8000",
          "bootloader": "r9mx_bootloader.bin"
        }
      }
    }
  },
  "geprc": {
    "name": "GEPRC",
    "rx_900": {
      "nano": {
        "product_name": "GEPRC Nano 900MHz RX",
        "lua_name": "GEPRC Nano RX",
        "layout_file": "Generic 900.json",
        "upload_methods": [
          "uart",
          "wifi",
          "betaflight"
        ],
        "min_version": "3.0.0",
        "platform": "esp8285",
        "firmware": "Unified_ESP8285_900_RX",
        "prior_target_name": "DIY_900_RX_ESP8285_SX127x"
      },
      "dual": {
        "product_name": "GEPRC True Diversity 900MHz RX",
        "lua_name": "GEPRC Dual RX",
        "layout_file": "Generic 900 True Diversity.json",
        "upload_methods": [
          "uart",
          "wifi",
          "betaflight"
        ],
        "min_version": "3.3.0",
        "platform": "esp32",
        "firmware": "Unified_ESP32_900_RX"
      }
    },
    "rx_2400": {
      "nano": {
        "product_name": "GEPRC Nano(SE) 2.4GHz RX",
        "lua_name": "GEPRC Nano RX",
        "layout_file": "Generic 2400.json",
        "upload_methods": [
          "uart",
          "wifi",
          "betaflight"
        ],
        "min_version": "3.0.0",
        "platform": "esp8285",
        "firmware": "Unified_ESP8285_2400_RX",
        "prior_target_name": "DIY_2400_RX_ESP8285_SX1280"
      },
      "pa": {
        "product_name": "GEPRC Nano 2.4GHz PA100 RX",
        "lua_name": "GEPR Nano PA100",
        "layout_file": "Generic 2400 PA.json",
        "overlay": {
          "power_values": [
            -7,
            -6,
            -4,
            1
          ]
        },
        "upload_methods": [
          "uart",
          "wifi",
          "betaflight"
        ],
        "min_version": "3.3.0",
        "platform": "esp8285",
        "firmware": "Unified_ESP8285_2400_RX"
      },
      "geprc-dual": {
        "product_name": "GEPRC Dual Diversity 2.4GHz RX",
        "lua_name": "GEPRC Dual RX",
        "layout_file": "Generic 2400 True Diversity PA.json",
        "overlay": {
          "radio_dcdc": true
        },
        "upload_methods": [
          "uart",
          "wifi",
          "betaflight"
        ],
        "min_version": "3.3.0",
        "platform": "esp32",
        "firmware": "Unified_ESP32_2400_RX"
      }
    }
  },
  "sub250": {
    "name": "Sub250",
    "rx_2400": {
      "nano": {
        "product_name": "Sub250 2400 RX",
        "lua_name": "Sub250 2400 RX",
        "layout_file": "Generic 2400.json",
        "upload_methods": [
          "uart",
          "wifi",
          "betaflight"
        ],
        "min_version": "3.3.0",
        "platform": "esp8285",
        "firmware": "Unified_ESP8285_2400_RX",
        "prior_target_name": "DIY_2400_RX_ESP8285_SX1280"
      },
      "pro": {
        "product_name": "Sub250 Nano PRO 2.4G RX",
        "lua_name": "Su25 Nano PRO",
        "layout_file": "Generic 2400 PA.json",
        "overlay": {
          "power_values": [
            -7,
            -6,
            -4,
            1
          ]
        },
        "upload_methods": [
          "uart",
          "wifi",
          "betaflight"
        ],
        "min_version": "3.3.0",
        "platform": "esp8285",
        "firmware": "Unified_ESP8285_2400_RX"
      }
    }
  },
  "happymodel": {
    "name": "Happymodel",
    "tx_900": {
      "es915": {
        "product_name": "HappyModel ES915 TX",
        "upload_methods": [
          "stlink",
          "stock"
        ],
        "min_version": "3.0.0",
        "platform": "stm32",
        "firmware": "HappyModel_TX_ES915TX",
        "has_buzzer": true,
        "stlink": {
          "cpus": [
            "STM32F103C8T6",
            "STM32F103CBT6"
          ],
          "offset": "0x4000",
          "bootloader": "r9m_bootloader.bin"
        }
      },
      "es900": {
        "product_name": "HappyModel ES900 TX",
        "lua_name": "HM ES900TX",
        "layout_file": "HappyModel ES900.json",
        "upload_methods": [
          "uart",
          "wifi"
        ],
        "features": [
          "fan"
        ],
        "min_version": "3.0.0",
        "platform": "esp32",
        "firmware": "Unified_ESP32_900_TX",
        "prior_target_name": "HappyModel_TX_ES900TX"
      }
    },
    "rx_900": {
      "es915": {
        "product_name": "HappyModel ES915 RX",
        "upload_methods": [
          "stlink",
          "betaflight"
        ],
        "min_version": "3.0.0",
        "platform": "stm32",
        "firmware": "HappyModel_RX_ES915RX",
        "stlink": {
          "cpus": [
            "STM32F103C8T6",
            "STM32F103CBT6"
          ],
          "offset": "0x8000",
          "bootloader": "r9mm_bootloader.bin"
        }
      },
      "es900": {
        "product_name": "HappyModel ES900 RX",
        "lua_name": "HM ES900RX",
        "layout_file": "Generic 900.json",
        "upload_methods": [
          "uart",
          "wifi",
          "betaflight"
        ],
        "min_version": "3.0.0",
        "features": [
          "fan"
        ],
        "platform": "esp8285",
        "firmware": "Unified_ESP8285_900_RX",
        "prior_target_name": "HappyModel_RX_ES900RX"
      },
      "es900_dual": {
        "product_name": "HappyModel ES900 Dual RX",
        "lua_name": "HM ES900 Dual",
        "layout_file": "Generic 900 True Diversity.json",
        "upload_methods": [
          "uart",
          "wifi",
          "betaflight"
        ],
        "min_version": "3.3.0",
        "platform": "esp32",
        "firmware": "Unified_ESP32_900_RX"
      },
      "epw6": {
        "product_name": "HappyModel EPW6 PWM RX",
        "lua_name": "HM EPW6 900RX",
        "layout_file": "Generic 900 PWMP.json",
        "upload_methods": [
          "uart",
          "wifi",
          "betaflight"
        ],
        "min_version": "3.0.0",
        "platform": "esp8285",
        "firmware": "Unified_ESP8285_900_RX",
        "prior_target_name": "DIY_900_RX_PWMP"
      }
    },
    "tx_2400": {
      "es24": {
        "product_name": "HappyModel ES24 2.4GHz TX",
        "lua_name": "HM ES24TX",
        "layout_file": "HappyModel ES24.json",
        "features": [
          "fan"
        ],
        "upload_methods": [
          "uart",
          "wifi"
        ],
        "min_version": "3.0.0",
        "platform": "esp32",
        "firmware": "Unified_ESP32_2400_TX",
        "prior_target_name": "HappyModel_ES24TX_2400_TX"
      },
      "es24pro": {
        "product_name": "HappyModel ES24 Pro 2.4GHz TX",
        "lua_name": "HM ES24TX Pro",
        "layout_file": "HappyModel ES24 Pro.json",
        "features": [
          "fan"
        ],
        "upload_methods": [
          "uart",
          "wifi"
        ],
        "min_version": "3.0.0",
        "platform": "esp32",
        "firmware": "Unified_ESP32_2400_TX",
        "prior_target_name": "HappyModel_ES24TX_Pro_Series_2400_TX"
      },
      "es24slimpro": {
        "product_name": "HappyModel ES24 Slim Pro 2.4GHz TX",
        "lua_name": "HM ES24 SlimPro",
        "layout_file": "HappyModel ES24 Pro.json",
        "features": [
          "fan"
        ],
        "upload_methods": [
          "uart",
          "wifi"
        ],
        "min_version": "3.1.0",
        "platform": "esp32",
        "firmware": "Unified_ESP32_2400_TX",
        "prior_target_name": "HappyModel_ES24TX_Pro_Series_2400_TX"
      }
    },
    "rx_2400": {
      "pp": {
        "product_name": "HappyModel PP 2.4GHz RX",
        "upload_methods": [
          "stlink",
          "betaflight"
        ],
        "min_version": "3.0.0",
        "platform": "stm32",
        "firmware": "HappyModel_PP_2400_RX",
        "stlink": {
          "cpus": [
            "STM32L432KCUx"
          ],
          "offset": "0x4000",
          "bootloader": "sx1280_rx_nano_pcb_v0.5_bootloader.bin"
        },
        "prior_target_name": "HappyModel_PP_2400_RX"
      },
      "ep": {
        "product_name": "HappyModel EP1/EP2 2.4GHz RX",
        "lua_name": "HM EP 2400",
        "layout_file": "Generic 2400.json",
        "upload_methods": [
          "uart",
          "wifi",
          "betaflight"
        ],
        "min_version": "3.0.0",
        "platform": "esp8285",
        "firmware": "Unified_ESP8285_2400_RX",
        "prior_target_name": "HappyModel_EP_2400_RX"
      },
      "ep-dual": {
        "product_name": "HappyModel EP Dual 2.4GHz RX",
        "lua_name": "HM EP Dual 2400",
        "layout_file": "Generic 2400 True Diversity PA.json",
        "upload_methods": [
          "uart",
          "wifi",
          "betaflight"
        ],
        "min_version": "3.0.0",
        "platform": "esp32",
        "firmware": "Unified_ESP32_2400_RX",
        "prior_target_name": "HappyModel_EP_Dual_2400_RX"
      },
      "epw5": {
        "product_name": "HappyModel EPW5 2.4GHz PWM RX",
        "lua_name": "HM EPW5 2400",
        "layout_file": "Generic 2400 PWMP5.json",
        "upload_methods": [
          "uart",
          "wifi"
        ],
        "min_version": "3.3.0",
        "platform": "esp8285",
        "firmware": "Unified_ESP8285_2400_RX",
        "prior_target_name": "DIY_2400_RX_PWMP"
      },
      "epw6": {
        "product_name": "HappyModel EPW6 2.4GHz PWM RX",
        "lua_name": "HM EPW6 2400",
        "layout_file": "Generic 2400 PWMP6.json",
        "upload_methods": [
          "uart",
          "wifi"
        ],
        "min_version": "3.3.0",
        "platform": "esp8285",
        "firmware": "Unified_ESP8285_2400_RX",
        "prior_target_name": "DIY_2400_RX_PWMPEX"
      },
      "aio": {
        "product_name": "HappyModel AIO 2.4GHz RX+VTX",
        "lua_name": "HM AIO 2400",
        "layout_file": "Generic 2400 Whoop Rx and VTx.json",
        "overlay": {
          "vtx_amp_vpd_25mW": [
            948,
            940,
            988,
            1019
          ],
          "vtx_amp_vpd_100mW": [
            1487,
            1432,
            1466,
            1509
          ],
          "vtx_amp_pwm_25mW": [
            3263,
            3257,
            3187,
            3183
          ],
          "vtx_amp_pwm_100mW": [
            3153,
            3149,
            3145,
            3133
          ]
        },
        "upload_methods": [
          "uart",
          "wifi",
          "betaflight"
        ],
        "min_version": "3.4.0",
        "platform": "esp32",
        "firmware": "Unified_ESP32_2400_RX",
        "prior_target_name": "HappyModel_AIO_2400_RX"
      }
    }
  },
  "hglrc": {
    "name": "HGLRC",
    "rx_900": {
      "hermes": {
        "product_name": "HGLRC Hermes 900MHz RX",
        "lua_name": "HGLRC Hermes 900",
        "layout_file": "Generic 900.json",
        "upload_methods": [
          "uart",
          "wifi",
          "betaflight"
        ],
        "min_version": "3.0.0",
        "platform": "esp8285",
        "firmware": "Unified_ESP8285_900_RX",
        "prior_target_name": "HGLRC_Hermes_900_RX"
      }
    },
    "tx_900": {
      "oled": {
        "product_name": "HGLRC OLED 900MHz TX",
        "lua_name": "HGLRC OLED 900",
        "layout_file": "HGLRC OLED 900.json",
        "logo_file": "hglrc.bin",
        "upload_methods": [
          "uart",
          "wifi"
        ],
        "min_version": "3.3.0",
        "platform": "esp32",
        "firmware": "Unified_ESP32_900_TX"
      }
    },
    "tx_2400": {
      "hermes": {
        "product_name": "HGLRC Hermes 2.4GHz TX",
        "lua_name": "HGLRC Hermes",
        "layout_file": "HGLRC Hermes 2400.json",
        "upload_methods": [
          "uart",
          "wifi"
        ],
        "min_version": "3.0.0",
        "platform": "esp32",
        "firmware": "Unified_ESP32_2400_TX",
        "prior_target_name": "HGLRC_Hermes_2400_TX"
      }
    },
    "rx_2400": {
      "hermes": {
        "product_name": "HGLRC Hermes 2.4GHz RX",
        "lua_name": "HGLRC Hermes 2G4",
        "layout_file": "Generic 2400.json",
        "upload_methods": [
          "uart",
          "wifi",
          "betaflight"
        ],
        "min_version": "3.0.0",
        "platform": "esp8285",
        "firmware": "Unified_ESP8285_2400_RX",
        "prior_target_name": "HGLRC_Hermes_2400_RX"
      },
      "dual": {
        "product_name": "HGLRC Gemini 2.4GHz RX",
        "lua_name": "HGL Gemini2.4RX",
        "layout_file": "Generic 2400 True Diversity PA.json",
        "overlay": {
          "radio_dcdc": true
        },
        "upload_methods": [
          "uart",
          "wifi",
          "betaflight"
        ],
        "min_version": "3.3.0",
        "platform": "esp32",
        "firmware": "Unified_ESP32_2400_RX"
      }
    }
  },
  "iflight": {
    "name": "iFlight",
    "tx_900": {
      "plain": {
        "product_name": "iFlight 900MHz TX",
        "lua_name": "iFlight 900TX",
        "layout_file": "iFlight 900.json",
        "upload_methods": [
          "uart",
          "wifi"
        ],
        "min_version": "3.0.0",
        "platform": "esp32",
        "firmware": "Unified_ESP32_900_TX",
        "prior_target_name": "iFlight_900_TX"
      },
      "v2": {
        "product_name": "iFlight 900MHz TX V2",
        "lua_name": "iFlight 900TX",
        "layout_file": "iFlight 900 V2.json",
        "upload_methods": [
          "uart",
          "wifi"
        ],
        "min_version": "3.3.0",
        "platform": "esp32",
        "firmware": "Unified_ESP32_900_TX"
      }
    },
    "rx_900": {
      "plain": {
        "product_name": "iFlight 900MHz RX",
        "lua_name": "iFlight 900RX",
        "layout_file": "Generic 900.json",
        "upload_methods": [
          "uart",
          "wifi",
          "betaflight"
        ],
        "min_version": "3.0.0",
        "platform": "esp8285",
        "firmware": "Unified_ESP8285_900_RX",
        "prior_target_name": "iFlight_900_RX"
      },
      "nano": {
        "product_name": "iFlight 900MHz Nano RX",
        "lua_name": "iFlight 900 Nano",
        "layout_file": "Generic 900.json",
        "upload_methods": [
          "uart",
          "wifi",
          "betaflight"
        ],
        "min_version": "3.0.0",
        "platform": "esp8285",
        "firmware": "Unified_ESP8285_900_RX"
      },
      "500": {
        "product_name": "iFlight 900MHz 500mW RX",
        "lua_name": "iF 900 500mW RX",
        "layout_file": "Generic 900 PA.json",
        "upload_methods": [
          "uart",
          "wifi",
          "betaflight"
        ],
        "min_version": "3.3.0",
        "platform": "esp8285",
        "firmware": "Unified_ESP8285_900_RX"
      },
      "dual500": {
        "product_name": "iFlight 900MHz 500mW Diversity RX",
        "lua_name": "iF 900 500mW GRX",
        "layout_file": "Generic 900 True Diversity PA.json",
        "upload_methods": [
          "uart",
          "wifi",
          "betaflight"
        ],
        "min_version": "3.4.0",
        "platform": "esp32",
        "firmware": "Unified_ESP32_900_RX"
      }
    },
    "tx_2400": {
      "plain": {
        "product_name": "iFlight 2.4GHz TX",
        "lua_name": "iFlight 2400TX",
        "layout_file": "iFlight 2400.json",
        "upload_methods": [
          "uart",
          "wifi"
        ],
        "min_version": "3.0.0",
        "platform": "esp32",
        "firmware": "Unified_ESP32_2400_TX",
        "prior_target_name": "iFlight_2400_TX"
      },
      "v2": {
        "product_name": "iFlight 2.4GHz TX V2",
        "lua_name": "iFlight 2400TX",
        "layout_file": "iFlight 2400 V2.json",
        "upload_methods": [
          "uart",
          "wifi"
        ],
        "min_version": "3.3.0",
        "platform": "esp32",
        "firmware": "Unified_ESP32_2400_TX"
      }
    },
    "rx_2400": {
      "plain": {
        "product_name": "iFlight 2.4GHz RX",
        "lua_name": "iFlight 2400RX",
        "layout_file": "iFlight 2400.json",
        "upload_methods": [
          "uart",
          "wifi",
          "betaflight"
        ],
        "min_version": "3.0.0",
        "platform": "esp8285",
        "firmware": "Unified_ESP8285_2400_RX",
        "prior_target_name": "iFlight_2400_RX"
      },
      "nano": {
        "product_name": "iFlight 2.4GHz Nano RX",
        "lua_name": "iFlight 2G4 Nano",
        "layout_file": "Generic 2400.json",
        "upload_methods": [
          "uart",
          "wifi",
          "betaflight"
        ],
        "min_version": "3.0.0",
        "platform": "esp8285",
        "firmware": "Unified_ESP8285_2400_RX"
      },
      "500": {
        "product_name": "iFlight 2.4GHz 500mW RX",
        "lua_name": "iF 2G4 500mW RX",
        "layout_file": "Generic 2400 PA.json",
        "overlay": {
          "power_min": 2,
          "power_high": 5,
          "power_max": 5,
          "power_default": 5,
          "power_values": [
            -9,
            -6,
            -2,
            1
          ]
        },
        "upload_methods": [
          "uart",
          "wifi",
          "betaflight"
        ],
        "min_version": "3.3.0",
        "platform": "esp8285",
        "firmware": "Unified_ESP8285_2400_RX"
      },
      "dual250": {
        "product_name": "iFlight 2.4GHz 250mW Diversity RX",
        "lua_name": "iF 2G4 250mW GRX",
        "layout_file": "Generic 2400 True Diversity PA.json",
        "overlay": {
          "power_min": 2,
          "power_high": 4,
          "power_max": 4,
          "power_default": 4,
          "power_values": [
            -9,
            -6,
            -2
          ]
        },
        "upload_methods": [
          "uart",
          "wifi",
          "betaflight"
        ],
        "min_version": "3.3.0",
        "platform": "esp32",
        "firmware": "Unified_ESP32_2400_RX"
      }
    }
  },
  "imrc": {
    "name": "ImmersionRC",
    "tx_2400": {
      "ghost": {
        "product_name": "Ghost 2.4GHz TX",
        "upload_methods": [
          "stlink",
          "stock"
        ],
        "min_version": "3.0.0",
        "platform": "stm32",
        "firmware": "GHOST_2400_TX",
        "features": [
          "buzzer"
        ],
        "stlink": {
          "cpus": [
            "STM32F303CCT6"
          ],
          "offset": "0x4000",
          "bootloader": "ghost/ghost_tx_bootloader.bin"
        }
      },
      "ghost_lite": {
        "product_name": "Ghost Lite 2.4GHz TX",
        "upload_methods": [
          "stlink",
          "stock"
        ],
        "min_version": "3.0.0",
        "platform": "stm32",
        "firmware": "GHOST_2400_TX_LITE",
        "features": [
          "buzzer"
        ],
        "stlink": {
          "cpus": [
            "STM32F303CCT6"
          ],
          "offset": "0x4000",
          "bootloader": "ghost/ghost_tx_bootloader.bin"
        }
      }
    },
    "rx_2400": {
      "atto": {
        "product_name": "Ghost Atto 2.4GHz RX",
        "upload_methods": [
          "stlink",
          "betaflight"
        ],
        "min_version": "3.0.0",
        "platform": "stm32",
        "firmware": "GHOST_ATTO_2400_RX",
        "stlink": {
          "cpus": [
            "STM32F303K8Tx"
          ],
          "offset": "0x4000",
          "bootloader": "ghost/ghost_atto_bootloader.bin"
        }
      }
    }
  },
  "jumper": {
    "name": "Jumper",
    "tx_2400": {
      "t-20": {
        "product_name": "Jumper AION T-20 2.4GHz TX",
        "lua_name": "T-20 2G4 TX",
        "layout_file": "Jumper T-20 2400.json",
        "upload_methods": [
          "uart",
          "wifi",
          "etx"
        ],
        "min_version": "3.3.0",
        "platform": "esp32",
        "firmware": "Unified_ESP32_2400_TX",
        "prior_target_name": "Jumper_AION_2400_T-Pro_TX"
      },
      "t-20-v2": {
        "product_name": "Jumper AION T-20 2.4GHz V2 TX",
        "lua_name": "T-20 2G4 TX",
        "layout_file": "Jumper T-20 2400.json",
        "overlay": {
          "use_backpack": true,
          "misc_fan_en": 33
        },
        "upload_methods": [
          "uart",
          "wifi",
          "etx"
        ],
        "min_version": "3.3.0",
        "platform": "esp32",
        "firmware": "Unified_ESP32_2400_TX",
        "prior_target_name": "Jumper_AION_2400_T-Pro_TX"
      },
      "t-14": {
        "product_name": "Jumper AION T-14 2.4GHz TX",
        "lua_name": "T-14 2G4 TX",
        "layout_file": "Jumper T-20 2400.json",
        "overlay": {
          "use_backpack": true,
          "misc_fan_en": 33
        },
        "upload_methods": [
          "uart",
          "wifi",
          "etx"
        ],
        "min_version": "3.3.0",
        "platform": "esp32",
        "firmware": "Unified_ESP32_2400_TX"
      },
      "t-20-gemini": {
        "product_name": "Jumper Gemini T-20 2.4GHz TX",
        "lua_name": "T20 Gemini2G4TX",
        "layout_file": "Generic 2400 Gemini.json",
        "overlay": {
          "power_high": 5,
          "power_max": 5,
          "power_values": [
            -18,
            -15,
            -11,
            -8,
            -4,
            3
          ],
          "use_backpack": false
        },
        "upload_methods": [
          "uart",
          "wifi",
          "etx"
        ],
        "min_version": "3.3.0",
        "platform": "esp32",
        "firmware": "Unified_ESP32_2400_TX"
      },
      "t-pro": {
        "product_name": "Jumper AION T-Pro 2.4GHz TX",
        "lua_name": "AION T-Pro TX",
        "layout_file": "Jumper T-Pro.json",
        "upload_methods": [
          "uart",
          "wifi",
          "etx"
        ],
        "min_version": "3.0.0",
        "platform": "esp32",
        "firmware": "Unified_ESP32_2400_TX",
        "prior_target_name": "Jumper_AION_2400_T-Pro_TX"
      },
      "t-lite": {
        "product_name": "Jumper AION T-Lite 2.4GHz TX",
        "lua_name": "AION T-Lite TX",
        "layout_file": "Jumper T-Lite.json",
        "upload_methods": [
          "uart",
          "wifi",
          "etx"
        ],
        "min_version": "3.0.0",
        "platform": "esp32",
        "firmware": "Unified_ESP32_2400_TX",
        "prior_target_name": "Jumper_AION_2400_T-Lite_TX"
      },
      "nano": {
        "product_name": "Jumper AION Nano 2.4GHz TX",
        "lua_name": "AION 2G4NANO TX",
        "layout_file": "Jumper AION Nano.json",
        "logo_file": "jumper.bin",
        "upload_methods": [
          "uart",
          "wifi"
        ],
        "min_version": "3.0.0",
        "platform": "esp32",
        "firmware": "Unified_ESP32_2400_TX",
        "prior_target_name": "Jumper_AION_NANO_2400_TX"
      }
    },
    "tx_900": {
      "t-20": {
        "product_name": "Jumper AION T-20 900M TX",
        "lua_name": "T-20 900 TX",
        "layout_file": "Jumper T-20 900.json",
        "upload_methods": [
          "uart",
          "wifi",
          "etx"
        ],
        "min_version": "3.3.0",
        "platform": "esp32",
        "firmware": "Unified_ESP32_900_TX",
        "prior_target_name": "Jumper_AION_2400_T-Pro_TX"
      },
      "t-20-v2": {
        "product_name": "Jumper AION T-20 900M V2 TX",
        "lua_name": "T-20 900 V2 TX",
        "layout_file": "Jumper T-20 900 V2.json",
        "upload_methods": [
          "uart",
          "wifi",
          "etx"
        ],
        "min_version": "3.3.0",
        "platform": "esp32",
        "firmware": "Unified_ESP32_900_TX"
      },
      "t-14": {
        "product_name": "Jumper AION T-14 900M TX",
        "lua_name": "T-14 900 TX",
        "layout_file": "Jumper T-20 900 V2.json",
        "upload_methods": [
          "uart",
          "wifi",
          "etx"
        ],
        "min_version": "3.3.0",
        "platform": "esp32",
        "firmware": "Unified_ESP32_900_TX"
      },
      "t-pro": {
        "product_name": "Jumper T-Pro 900M TX",
        "lua_name": "T-Pro 900 TX",
        "layout_file": "Jumper T-20 900.json",
        "upload_methods": [
          "uart",
          "wifi",
          "etx"
        ],
        "min_version": "3.3.0",
        "platform": "esp32",
        "firmware": "Unified_ESP32_900_TX"
      }
    },
    "rx_2400": {
      "ep24s": {
        "product_name": "Jumper AION Mini 2.4GHz RX",
        "lua_name": "AION RX24 MINI",
        "layout_file": "Generic 2400.json",
        "overlay": {
          "radio_dcdc": true
        },
        "upload_methods": [
          "uart",
          "wifi",
          "betaflight"
        ],
        "min_version": "3.0.0",
        "platform": "esp8285",
        "firmware": "Unified_ESP8285_2400_RX",
        "prior_target_name": "DIY_2400_RX_ESP8285_SX1280"
      },
      "nano": {
        "product_name": "Jumper AION Nano 2.4GHz RX",
        "lua_name": "AION 2G4NANORX",
        "layout_file": "Generic 2400 PA.json",
        "overlay": {
          "radio_dcdc": true
        },
        "upload_methods": [
          "uart",
          "wifi",
          "betaflight"
        ],
        "min_version": "3.0.0",
        "platform": "esp8285",
        "firmware": "Unified_ESP8285_2400_RX",
        "prior_target_name": "Jumper_AION_Nano_2400_RX"
      }
    },
    "rx_900": {
      "mini": {
        "product_name": "Jumper 900 Mini RX",
        "upload_methods": [
          "stlink",
          "betaflight"
        ],
        "min_version": "3.0.0",
        "platform": "stm32",
        "firmware": "Jumper_RX_R900MINI",
        "stlink": {
          "cpus": [
            "STM32F103C8T6",
            "STM32F103CBT6"
          ],
          "offset": "0x8000",
          "bootloader": "jumper_r900_bootloader.bin"
        }
      },
      "aion": {
        "product_name": "Jumper AION Mini 900MHz RX",
        "lua_name": "AION Mini 900RX",
        "layout_file": "Generic 900.json",
        "upload_methods": [
          "uart",
          "wifi",
          "betaflight"
        ],
        "min_version": "3.3.0",
        "platform": "esp8285",
        "firmware": "Unified_ESP8285_900_RX"
      }
    }
  },
  "matek": {
    "name": "Matek Systems",
    "rx_2400": {
      "r24d": {
        "product_name": "MATEK R24-D 2.4GHz RX",
        "lua_name": "MATEK R24-D",
        "layout_file": "Generic 2400 Diversity PA.json",
        "upload_methods": [
          "uart",
          "wifi",
          "betaflight"
        ],
        "min_version": "3.0.0",
        "platform": "esp8285",
        "firmware": "Unified_ESP8285_2400_RX",
        "prior_target_name": "MATEK_2400_RX_R24D"
      },
      "r24s": {
        "product_name": "MATEK R24-S 2.4GHz RX",
        "lua_name": "MATEK R24-S",
        "layout_file": "Generic 2400 PA.json",
        "upload_methods": [
          "uart",
          "wifi",
          "betaflight"
        ],
        "min_version": "3.0.0",
        "platform": "esp8285",
        "firmware": "Unified_ESP8285_2400_RX",
        "prior_target_name": "MATEK_2400_RX"
      },
      "r24p": {
        "product_name": "MATEK R24-P PWM 2.4GHz RX",
        "lua_name": "MATEK R24-P",
        "layout_file": "Generic 2400 PWMP5.json",
        "upload_methods": [
          "uart",
          "wifi"
        ],
        "min_version": "3.0.0",
        "platform": "esp8285",
        "firmware": "Unified_ESP8285_2400_RX",
        "prior_target_name": "MATEK_2400_RX_PWM"
      }
    }
  },
  "namimnorc": {
    "name": "NamimnoRC",
    "tx_900": {
      "voyager_stm": {
        "product_name": "NamimnoRC Voyager 900MHz TX",
        "upload_methods": [
          "stlink",
          "stock"
        ],
        "min_version": "3.0.0",
        "platform": "stm32",
        "firmware": "NamimnoRC_VOYAGER_900_TX",
        "features": [
          "fan"
        ],
        "stlink": {
          "cpus": [
            "STM32F103C8T6",
            "STM32F103CBT6"
          ],
          "offset": "0x4000",
          "bootloader": "namimnorc/tx/namimnorc_tx_bootloader.bin"
        }
      },
      "voyager": {
        "product_name": "NamimnoRC Voyager OLED 900MHz TX",
        "lua_name": "NM Voyager OLED",
        "layout_file": "Namimno Voyager OLED.json",
        "logo_file": "namimno.bin",
        "upload_methods": [
          "uart",
          "wifi"
        ],
        "min_version": "3.0.0",
        "platform": "esp32",
        "firmware": "Unified_ESP32_900_TX",
        "prior_target_name": "NamimnoRC_VOYAGER_900_OLED_TX"
      }
    },
    "rx_900": {
      "voyager_stm": {
        "product_name": "NamimnoRC Voyager STM 900MHz RX",
        "upload_methods": [
          "stlink",
          "betaflight"
        ],
        "min_version": "3.0.0",
        "platform": "stm32",
        "firmware": "NamimnoRC_VOYAGER_900_RX",
        "stlink": {
          "cpus": [
            "STM32F103C8T6",
            "STM32F103CBT6"
          ],
          "offset": "0x8000",
          "bootloader": "namimnorc/rx/voyager_900_bootloader.bin"
        }
      },
      "voyager": {
        "product_name": "NamimnoRC Voyager ESP 900MHz RX",
        "lua_name": "Namimno 900RX",
        "layout_file": "Namimno VOYAGER 900.json",
        "upload_methods": [
          "uart",
          "wifi",
          "betaflight"
        ],
        "min_version": "3.0.0",
        "platform": "esp8285",
        "firmware": "Unified_ESP8285_900_RX",
        "prior_target_name": "NamimnoRC_VOYAGER_900_ESP_RX"
      }
    },
    "tx_2400": {
      "flash_stm": {
        "product_name": "NamimnoRC Flash 2.4GHz TX",
        "upload_methods": [
          "stlink",
          "stock"
        ],
        "min_version": "3.0.0",
        "platform": "stm32",
        "firmware": "NamimnoRC_FLASH_2400_TX",
        "features": [
          "fan"
        ],
        "stlink": {
          "cpus": [
            "STM32F103C8T6",
            "STM32F103CBT6"
          ],
          "offset": "0x4000",
          "bootloader": "namimnorc/tx/namimnorc_tx_bootloader.bin"
        }
      },
      "flash": {
        "product_name": "NamimnoRC Flash OLED 2.4GHz TX",
        "lua_name": "NM Flash OLED",
        "layout_file": "Namimno Flash OLED.json",
        "logo_file": "namimno.bin",
        "features": [
          "fan"
        ],
        "upload_methods": [
          "uart",
          "wifi"
        ],
        "min_version": "3.0.0",
        "platform": "esp32",
        "firmware": "Unified_ESP32_2400_TX",
        "prior_target_name": "NamimnoRC_FLASH_2400_OLED_TX"
      }
    },
    "rx_2400": {
      "flash_stm": {
        "product_name": "NamimnoRC Flash STM 2.4GHz RX",
        "upload_methods": [
          "stlink",
          "betaflight"
        ],
        "min_version": "3.0.0",
        "platform": "stm32",
        "firmware": "NamimnoRC_FLASH_2400_RX",
        "stlink": {
          "cpus": [
            "STM32F103C8T6",
            "STM32F103CBT6"
          ],
          "offset": "0x8000",
          "bootloader": "namimnorc/rx/flash_2400_bootloader.bin"
        }
      },
      "flash": {
        "product_name": "NamimnoRC Flash ESP 2.4GHz RX",
        "lua_name": "Namimno 2400RX",
        "layout_file": "Generic 2400.json",
        "upload_methods": [
          "uart",
          "wifi",
          "betaflight"
        ],
        "min_version": "3.0.0",
        "platform": "esp8285",
        "firmware": "Unified_ESP8285_2400_RX",
        "prior_target_name": "NamimnoRC_FLASH_2400_ESP_RX"
      },
      "flash-pa": {
        "product_name": "NamimnoRC Flash 100mW Diversity 2.4GHz RX",
        "lua_name": "Namimno 2400RX",
        "layout_file": "Namimno FLASH 2400 PA.json",
        "upload_methods": [
          "uart",
          "wifi",
          "betaflight"
        ],
        "min_version": "3.0.0",
        "platform": "esp8285",
        "firmware": "Unified_ESP8285_2400_RX",
        "prior_target_name": "NamimnoRC_FLASH_2400_ESP_RX_PA"
      }
    }
  },
  "neutronrc": {
    "name": "NeutronRC",
    "rx_900": {
      "plain": {
        "product_name": "NeutronRC 900MHz RX",
        "lua_name": "NeutronRC 900",
        "layout_file": "Generic 900.json",
        "upload_methods": [
          "uart",
          "wifi",
          "betaflight"
        ],
        "min_version": "3.0.0",
        "platform": "esp8285",
        "firmware": "Unified_ESP8285_900_RX",
        "prior_target_name": "NeutronRC_900_RX"
      }
    }
  },
  "newbeedrone": {
    "name": "NewBeeDrone",
    "rx_2400": {
      "rx24d": {
        "product_name": "NewBeeDrone Diversity 2.4Ghz RX",
        "lua_name": "NBD 2400RX",
        "layout_file": "Generic 2400 Diversity PA.json",
        "upload_methods": [
          "uart",
          "wifi",
          "betaflight"
        ],
        "min_version": "3.3.0",
        "platform": "esp8285",
        "firmware": "Unified_ESP8285_2400_RX",
        "prior_target_name": "DIY_2400_RX_ESP8285_SX1280"
      }
    }
  },
  "quadkopters": {
    "name": "QuadKopters",
    "tx_2400": {
      "jr": {
        "product_name": "QuadKopters JR 2.4GHz TX",
        "lua_name": "QuadKopters 2G4",
        "layout_file": "QuadKopters JR 2400.json",
        "upload_methods": [
          "uart",
          "wifi"
        ],
        "min_version": "3.0.0",
        "platform": "esp32",
        "firmware": "Unified_ESP32_2400_TX",
        "prior_target_name": "QuadKopters_JR_2400_TX"
      },
      "slim": {
        "product_name": "QuadKopters Slim 2.4GHz TX",
        "lua_name": "QuadKopters 2G4",
        "layout_file": "QuadKopters JR 2400.json",
        "upload_methods": [
          "uart",
          "wifi"
        ],
        "min_version": "3.0.0",
        "platform": "esp32",
        "firmware": "Unified_ESP32_2400_TX",
        "prior_target_name": "QuadKopters_JR_2400_TX"
      }
    },
    "rx_2400": {
      "nano": {
        "product_name": "QuadKopters Nano 2.4GHz RX",
        "lua_name": "QuadKopters 2G4",
        "layout_file": "Generic 2400.json",
        "upload_methods": [
          "uart",
          "wifi",
          "betaflight"
        ],
        "min_version": "3.0.0",
        "platform": "esp8285",
        "firmware": "Unified_ESP8285_2400_RX",
        "prior_target_name": "QuadKopters_NANO_RX"
      }
    }
  },
  "radiomaster": {
    "name": "RadioMaster",
    "tx_900": {
      "bandit": {
        "product_name": "RadioMaster Bandit 900MHz TX",
        "lua_name": "RM Bandit",
        "layout_file": "Radiomaster Bandit.json",
        "logo_file": "radiomaster.bin",
        "upload_methods": [
          "uart",
          "wifi"
        ],
        "min_version": "3.3.2",
        "platform": "esp32",
        "firmware": "Unified_ESP32_900_TX"
      },
      "bandit-micro": {
        "product_name": "RadioMaster Bandit Micro 900MHz TX",
        "lua_name": "RM Bandit Micro",
        "layout_file": "Radiomaster Bandit Micro.json",
        "logo_file": "radiomaster.bin",
        "upload_methods": [
          "uart",
          "wifi"
        ],
        "min_version": "3.3.2",
        "platform": "esp32",
        "firmware": "Unified_ESP32_900_TX"
      },
      "bandit-nano": {
        "product_name": "RadioMaster Bandit Nano 900MHz TX",
        "lua_name": "RM Bandit Nano",
        "layout_file": "Radiomaster Bandit Micro.json",
        "overlay": {
          "power_values": [
            168,
            148,
            128,
            90
          ]
        },
        "logo_file": "radiomaster.bin",
        "upload_methods": [
          "uart",
          "wifi"
        ],
        "min_version": "3.3.2",
        "platform": "esp32",
        "firmware": "Unified_ESP32_900_TX"
      }
    },
    "rx_900": {
      "br1": {
        "product_name": "RadioMaster BR1 900Mz RX",
        "lua_name": "RM BR1",
        "layout_file": "Generic 900.json",
        "upload_methods": [
          "uart",
          "wifi",
          "betaflight"
        ],
        "min_version": "3.3.0",
        "platform": "esp8285",
        "firmware": "Unified_ESP8285_900_RX"
      },
      "br3": {
        "product_name": "RadioMaster BR3 Diversity 900Mz RX",
        "lua_name": "RM BR3",
        "layout_file": "Radiomaster BR3.json",
        "upload_methods": [
          "uart",
          "wifi",
          "betaflight"
        ],
        "min_version": "3.3.0",
        "platform": "esp8285",
        "firmware": "Unified_ESP8285_900_RX"
      }
    },
    "tx_2400": {
      "zorro": {
        "product_name": "RadioMaster Zorro Internal 2.4GHz TX",
        "lua_name": "RM Zorro",
        "layout_file": "Radiomaster Zorro.json",
        "upload_methods": [
          "uart",
          "wifi",
          "etx"
        ],
        "min_version": "3.0.0",
        "platform": "esp32",
        "firmware": "Unified_ESP32_2400_TX",
        "prior_target_name": "RadioMaster_Zorro_2400_TX"
      },
      "pocket": {
        "product_name": "RadioMaster Pocket Internal 2.4GHz TX",
        "lua_name": "RM Pocket",
        "layout_file": "Radiomaster Zorro.json",
        "upload_methods": [
          "uart",
          "wifi",
          "etx"
        ],
        "min_version": "3.0.0",
        "platform": "esp32",
        "firmware": "Unified_ESP32_2400_TX",
        "prior_target_name": "RadioMaster_Zorro_2400_TX"
      },
      "mt12": {
        "product_name": "RadioMaster MT12 Internal 2.4GHz TX",
        "lua_name": "RM MT12",
        "layout_file": "Radiomaster Zorro.json",
        "upload_methods": [
          "uart",
          "wifi",
          "etx"
        ],
        "min_version": "3.0.0",
        "platform": "esp32",
        "firmware": "Unified_ESP32_2400_TX",
        "prior_target_name": "RadioMaster_Zorro_2400_TX"
      },
      "tx16s": {
        "product_name": "RadioMaster TX16S Internal 2.4GHz TX",
        "lua_name": "RM TX16S",
        "layout_file": "Radiomaster TX16S 2400.json",
        "upload_methods": [
          "uart",
          "wifi",
          "etx"
        ],
        "min_version": "3.0.0",
        "platform": "esp32",
        "firmware": "Unified_ESP32_2400_TX",
        "prior_target_name": "RadioMaster_TX16S_2400_TX"
      },
      "tx12": {
        "product_name": "RadioMaster TX12 Internal 2.4GHz TX",
        "lua_name": "RM TX12",
        "layout_file": "Radiomaster Zorro.json",
        "upload_methods": [
          "uart",
          "wifi",
          "etx"
        ],
        "min_version": "3.0.0",
        "platform": "esp32",
        "firmware": "Unified_ESP32_2400_TX",
        "prior_target_name": "RadioMaster_Zorro_2400_TX"
      },
      "ranger": {
        "product_name": "RadioMaster Ranger 2.4GHz TX",
        "lua_name": "RM Ranger",
        "layout_file": "Radiomaster Ranger.json",
        "logo_file": "radiomaster.bin",
        "upload_methods": [
          "uart",
          "wifi"
        ],
        "min_version": "3.1.0",
        "platform": "esp32",
        "firmware": "Unified_ESP32_2400_TX",
        "prior_target_name": "RadioMaster_Ranger_2400_TX"
      },
      "ranger-micro": {
        "product_name": "RadioMaster Ranger Micro 2.4GHz TX",
        "lua_name": "RM Ranger Micro",
        "layout_file": "Radiomaster Ranger Micro.json",
        "upload_methods": [
          "uart",
          "wifi"
        ],
        "min_version": "3.1.0",
        "platform": "esp32",
        "firmware": "Unified_ESP32_2400_TX",
        "prior_target_name": "RadioMaster_Ranger_Micro_2400_TX"
      },
      "ranger-nano": {
        "product_name": "RadioMaster Ranger Nano 2.4GHz TX",
        "lua_name": "RM Ranger Nano",
        "layout_file": "Radiomaster Ranger Micro.json",
        "overlay": {
          "power_values": [
            -18,
            -15,
            -12,
            -8,
            -5,
            0
          ]
        },
        "upload_methods": [
          "uart",
          "wifi"
        ],
        "min_version": "3.1.0",
        "platform": "esp32",
        "firmware": "Unified_ESP32_2400_TX",
        "prior_target_name": "RadioMaster_Ranger_Nano_2400_TX"
      },
      "boxer": {
        "product_name": "RadioMaster Boxer Internal 2.4GHz TX",
        "lua_name": "RM Boxer",
        "layout_file": "Radiomaster Boxer.json",
        "upload_methods": [
          "uart",
          "wifi",
          "etx"
        ],
        "min_version": "3.2.0",
        "platform": "esp32",
        "firmware": "Unified_ESP32_2400_TX",
        "prior_target_name": "RadioMaster_Boxer_2400_TX"
      }
    },
    "rx_2400": {
      "er3": {
        "product_name": "RadioMaster ER3C-i 2.4GHz PWM RX",
        "lua_name": "RM ER3C-i",
        "layout_file": "Generic 2400 PWMP5.json",
        "overlay": {
          "pwm_outputs": [
            0,
            1,
            3
          ],
          "vbat_offset": -2,
          "vbat_scale": 292
        },
        "upload_methods": [
          "uart",
          "wifi"
        ],
        "min_version": "3.1.0",
        "platform": "esp8285",
        "firmware": "Unified_ESP8285_2400_RX"
      },
      "er4": {
        "product_name": "RadioMaster ER4 2.4GHz PWM RX",
        "lua_name": "RM ER4",
        "layout_file": "Generic 2400 PWMP5.json",
        "overlay": {
          "radio_dcdc": true,
          "pwm_outputs": [
            0,
            1,
            3,
            9
          ],
          "vbat_offset": -10,
          "vbat_scale": 292
        },
        "upload_methods": [
          "uart",
          "wifi"
        ],
        "min_version": "3.2.0",
        "platform": "esp8285",
        "firmware": "Unified_ESP8285_2400_RX",
        "prior_target_name": "DIY_2400_RX_PWMP"
      },
      "er5": {
        "product_name": "RadioMaster ER5A/C 2.4GHz PWM RX",
        "lua_name": "RM ER5A/C",
        "layout_file": "Generic 2400 PWMP5.json",
        "upload_methods": [
          "uart",
          "wifi"
        ],
        "min_version": "3.1.0",
        "platform": "esp8285",
        "firmware": "Unified_ESP8285_2400_RX",
        "prior_target_name": "DIY_2400_RX_PWMP"
      },
      "er5c-i": {
        "product_name": "RadioMaster ER5C-i 2.4GHz PWM RX",
        "lua_name": "RM ER5C-i",
        "layout_file": "Generic 2400 PWMP5.json",
        "overlay": {
          "vbat_offset": -2,
          "vbat_scale": 292
        },
        "upload_methods": [
          "uart",
          "wifi"
        ],
        "min_version": "3.1.0",
        "platform": "esp8285",
        "firmware": "Unified_ESP8285_2400_RX"
      },
      "er5-v2": {
        "product_name": "RadioMaster ER5A/C V2 2.4GHz PWM RX",
        "lua_name": "RM ER5A/C V2",
        "layout_file": "Generic 2400 PWMP5.json",
        "overlay": {
          "vbat_offset": -2,
          "vbat_scale": 292
        },
        "upload_methods": [
          "uart",
          "wifi"
        ],
        "min_version": "3.1.0",
        "platform": "esp8285",
        "firmware": "Unified_ESP8285_2400_RX"
      },
      "er6": {
        "product_name": "RadioMaster ER6 2.4GHz Diversity+6xPWM RX",
        "lua_name": "RM ER6",
        "layout_file": "Radiomaster 2400 ER8G.json",
        "overlay": {
          "power_values": [
            -9,
            -6,
            -3,
            0
          ],
          "pwm_outputs": [
            14,
            12,
            15,
            2,
            4,
            9
          ]
        },
        "upload_methods": [
          "uart",
          "wifi"
        ],
        "min_version": "3.3.0",
        "platform": "esp32",
        "firmware": "Unified_ESP32_2400_RX"
      },
      "er6g": {
        "product_name": "RadioMaster ER6-G 2.4GHz Diversity+6xPWM RX",
        "lua_name": "RM ER6-G",
        "layout_file": "Vario 2400.json",
        "overlay": {
          "power_values": [
            -2,
            -1,
            3
          ]
        },
        "upload_methods": [
          "uart",
          "wifi"
        ],
        "min_version": "3.3.0",
        "platform": "esp32",
        "firmware": "Unified_ESP32_2400_RX"
      },
      "er6gv": {
        "product_name": "RadioMaster ER6-GV 2.4GHz Diversity+6xPWM+Vario RX",
        "lua_name": "RM ER6-GV",
        "layout_file": "Vario 2400.json",
        "overlay": {
          "power_values": [
            -2,
            -1,
            3
          ]
        },
        "upload_methods": [
          "uart",
          "wifi"
        ],
        "min_version": "3.2.0",
        "platform": "esp32",
        "firmware": "Unified_ESP32_2400_RX",
        "prior_target_name": "Vario 2400RX"
      },
      "er8": {
        "product_name": "RadioMaster ER8 2.4GHz Diversity+8xPWM RX",
        "lua_name": "RM ER8",
        "layout_file": "Radiomaster 2400 ER8G.json",
        "overlay": {
          "power_values": [
            -9,
            -6,
            -3,
            0
          ]
        },
        "upload_methods": [
          "uart",
          "wifi"
        ],
        "min_version": "3.3.0",
        "platform": "esp32",
        "firmware": "Unified_ESP32_2400_RX"
      },
      "er8g": {
        "product_name": "RadioMaster ER8-G 2.4GHz Diversity+8xPWM RX",
        "lua_name": "RM ER8-G",
        "layout_file": "Radiomaster 2400 ER8G.json",
        "upload_methods": [
          "uart",
          "wifi"
        ],
        "min_version": "3.3.0",
        "platform": "esp32",
        "firmware": "Unified_ESP32_2400_RX"
      },
      "er8gv": {
        "product_name": "RadioMaster ER8-GV 2.4GHz Diversity+8xPWM+Vario RX",
        "lua_name": "RM ER8-GV",
        "layout_file": "Radiomaster 2400 ER8G.json",
        "upload_methods": [
          "uart",
          "wifi"
        ],
        "min_version": "3.3.0",
        "platform": "esp32",
        "firmware": "Unified_ESP32_2400_RX"
      },
      "rp1": {
        "product_name": "RadioMaster RP1 2.4GHz RX",
        "lua_name": "RM RP1",
        "layout_file": "Generic 2400.json",
        "upload_methods": [
          "uart",
          "wifi",
          "betaflight"
        ],
        "min_version": "3.0.0",
        "platform": "esp8285",
        "firmware": "Unified_ESP8285_2400_RX",
        "prior_target_name": "HappyModel_EP_2400_RX"
      },
      "rp2": {
        "product_name": "RadioMaster RP2 2.4GHz RX",
        "lua_name": "RM RP2",
        "layout_file": "Generic 2400.json",
        "upload_methods": [
          "uart",
          "wifi",
          "betaflight"
        ],
        "min_version": "3.0.0",
        "platform": "esp8285",
        "firmware": "Unified_ESP8285_2400_RX",
        "prior_target_name": "HappyModel_EP_2400_RX"
      },
      "rp3": {
        "product_name": "RadioMaster RP3 Diversity 2.4GHz RX",
        "lua_name": "RM RP3",
        "layout_file": "Generic 2400 Diversity PA.json",
        "overlay": {
          "radio_dcdc": true
        },
        "upload_methods": [
          "uart",
          "wifi",
          "betaflight"
        ],
        "min_version": "3.0.0",
        "platform": "esp8285",
        "firmware": "Unified_ESP8285_2400_RX",
        "prior_target_name": "MATEK_2400_RX_R24D"
      },
      "rp4": {
        "product_name": "RadioMaster RP4-TD True Diversity 2.4GHz RX",
        "lua_name": "RM RP4-TD 2400",
        "layout_file": "Generic 2400 True Diversity PA.json",
        "upload_methods": [
          "uart",
          "wifi",
          "betaflight"
        ],
        "min_version": "3.0.0",
        "platform": "esp32",
        "firmware": "Unified_ESP32_2400_RX",
        "prior_target_name": "Unified_ESP32_2400_RX"
      }
    }
  },
  "siyi": {
    "name": "SIYI",
    "tx_2400": {
      "fm30": {
        "product_name": "SIYI FM30 2.4GHz TX",
        "upload_methods": [
          "dfu",
          "stlink"
        ],
        "min_version": "3.0.0",
        "platform": "stm32",
        "firmware": "FM30_TX",
        "stlink": {
          "cpus": [
            "STM32F103C8T6",
            "STM32F103CBT6"
          ],
          "offset": "0x1000",
          "bootloader": "fm30_bootloader.bin"
        }
      },
      "rx_as_tx": {
        "product_name": "SIYI FM30 Mini 2.4GHz RX as TX",
        "upload_methods": [
          "uart",
          "stlink"
        ],
        "min_version": "3.0.0",
        "platform": "stm32",
        "firmware": "FM30_RX_MINI_AS_TX",
        "stlink": {
          "cpus": [
            "STM32F373CCT6"
          ],
          "offset": "0x4000",
          "bootloader": "fm30_mini_rxtx_bootloader.bin"
        }
      }
    },
    "rx_2400": {
      "mini": {
        "product_name": "SIYI FM30 Mini 2.4GHz RX",
        "upload_methods": [
          "uart",
          "stlink",
          "betaflight"
        ],
        "min_version": "3.0.0",
        "platform": "stm32",
        "firmware": "FM30_RX_MINI",
        "stlink": {
          "cpus": [
            "STM32F373CCT6"
          ],
          "offset": "0x4000",
          "bootloader": "fm30_mini_bootloader.bin"
        }
      }
    }
  },
  "skystars": {
    "name": "Skystars",
    "rx_2400": {
      "ss24d": {
        "product_name": "Skystars SS24D 2.4GHz RX",
        "lua_name": "Skystars SS24D",
        "layout_file": "Generic 2400 Diversity PA.json",
        "upload_methods": [
          "uart",
          "wifi",
          "betaflight"
        ],
        "min_version": "3.0.0",
        "platform": "esp8285",
        "firmware": "Unified_ESP8285_2400_RX",
        "prior_target_name": "MATEK_2400_RX_R24D"
      }
    }
  },
  "speedybee": {
    "name": "SpeedyBee",
    "rx_2400": {
      "ss24d": {
        "product_name": "SpeedyBee Nano 2.4GHz RX",
        "lua_name": "SB Nano 2G4 RX",
        "layout_file": "Generic 2400 PA.json",
        "overlay": {
          "power_values": [
            -8,
            -4,
            -1,
            2
          ]
        },
        "upload_methods": [
          "uart",
          "wifi",
          "betaflight"
        ],
        "min_version": "3.0.0",
        "platform": "esp8285",
        "firmware": "Unified_ESP8285_2400_RX"
      }
    }
  },
  "stellar": {
    "name": "STELLAR",
    "rx_900": {
      "stellar": {
        "product_name": "STELLAR 900MHz RX",
        "lua_name": "STELLAR 900RX",
        "layout_file": "Generic 900.json",
        "upload_methods": [
          "uart",
          "wifi",
          "betaflight"
        ],
        "min_version": "3.0.0",
        "platform": "esp8285",
        "firmware": "Unified_ESP8285_900_RX"
      }
    }
  },
  "atomrc": {
    "name": "atomrc",
    "rx_2400": {
      "atomrc": {
        "product_name": "atomrc 2.4G RX",
        "lua_name": "atomrc 2400 RX",
        "layout_file": "Generic 2400 PA.json",
        "upload_methods": [
          "uart",
          "wifi",
          "betaflight"
        ],
        "min_version": "3.0.0",
        "platform": "esp8285",
        "firmware": "Unified_ESP8285_2400_RX"
      }
    }
  },
  "vantac": {
    "name": "Vantac",
    "tx_2400": {
      "lite": {
        "product_name": "Vantac Lite 2.4GHz TX",
        "lua_name": "Vantac Lite 2G4",
        "layout_file": "Vantac Lite.json",
        "upload_methods": [
          "uart",
          "wifi"
        ],
        "min_version": "3.0.0",
        "platform": "esp32",
        "firmware": "Unified_ESP32_2400_TX",
        "prior_target_name": "Vantac_Lite_2400_TX"
      }
    },
    "rx_2400": {
      "plain": {
        "product_name": "Vantac 2.4GHz RX",
        "lua_name": "Vantac 2400 RX",
        "layout_file": "Generic 2400 PA.json",
        "upload_methods": [
          "uart",
          "wifi",
          "betaflight"
        ],
        "min_version": "3.0.0",
        "platform": "esp8285",
        "firmware": "Unified_ESP8285_2400_RX",
        "prior_target_name": "Vantac_2400_RX"
      }
    }
  },
  "zerodrag": {
    "name": "ZeroDrag",
    "rx_2400": {
      "nexus1": {
        "product_name": "ZeroDrag NexusONE 2.4GHz RX",
        "lua_name": "ZD Nexus1 RX V1",
        "layout_file": "Generic 2400.json",
        "upload_methods": [
          "uart",
          "wifi",
          "betaflight"
        ],
        "min_version": "3.1.0",
        "platform": "esp8285",
        "firmware": "Unified_ESP8285_2400_RX",
        "prior_target_name": "DIY_2400_RX_ESP8285_SX1280"
      }
    }
  },
  "flydragonrc": {
    "name": "FlyDragonRC",
    "rx_2400": {
      "r24d": {
        "product_name": "FD R24D 2.4GHz RX",
        "lua_name": "FlyDragon R24D",
        "layout_file": "Generic 2400 Diversity PA.json",
        "upload_methods": [
          "uart",
          "wifi",
          "betaflight"
        ],
        "min_version": "3.0.0",
        "platform": "esp8285",
        "firmware": "Unified_ESP8285_2400_RX",
        "prior_target_name": "FD_2400_RX_R24D"
      }
    }
  }
}
